{
  "weights": [
    1.0237100640412855,
    1.5375397922327743,
    0.35059016992761377,
    -0.19515381190161696,
    0.11865125104232664,
    0.6635084296476597,
    1.2408817146598745
  ],
  "intercept": 0.0,
  "model_order": [
    "prob_model_0",
    "prob_model_1",
    "prob_model_2",
    "prob_model_3",
    "prob_model_4",
    "prob_model_5",
    "prob_model_6"
  ],
  "auroc": 0.9999780144929931,
  "lomo_aurocs": [
    0.9999887548033055,
    0.9999807225199522,
    0.9999742966932696,
    0.9999444165991955,
    0.9999874696379689,
    0.9999855418899641,
    0.999984899307296
  ],
  "description": "Final averaged weights from LOMO cross-validation"
}