{
  "weights": [
    0.12130712923782398,
    0.17210978684931375,
    0.23867819521396882,
    0.059531498367009335,
    0.32666906142116026,
    0.11238254493071746,
    0.13598845064667311
  ],
  "intercept": 0.0,
  "model_order": [
    "prob_model_0",
    "prob_model_1",
    "prob_model_2",
    "prob_model_3",
    "prob_model_4",
    "prob_model_5",
    "prob_model_6"
  ],
  "lomo_aurocs": [
    0.9913828610015132,
    0.9914246231244609,
    0.9902731817346173,
    0.9914261698697553,
    0.9880047692786333,
    0.9914867138998487,
    0.9915609576739779
  ],
  "description": "Final averaged weights from LOMO cross-validation"
}