{
  "weights": [
    1.027742289841997,
    0.3449145166477307,
    0.06873414175087154,
    0.09002295041017362,
    0.2256321144181371,
    0.4230629873711996,
    0.9650878999399277
  ],
  "intercept": -2.055577066855107,
  "model_order": [
    "prob_model_0",
    "prob_model_1",
    "prob_model_2",
    "prob_model_3",
    "prob_model_4",
    "prob_model_5",
    "prob_model_6"
  ],
  "auroc": 0.9496674047216098,
  "lomo_aurocs": [
    0.9496914387115684,
    0.9499105441194068,
    0.9488068866226453,
    0.9499674573223944,
    0.949345998501494,
    0.9498561325956715,
    0.9500933751780882
  ],
  "description": "Final averaged weights from LOMO cross-validation"
}