{
  "weights": [
    0.1409218210530004,
    0.2276412722721198,
    0.24347923416296732,
    0.01770130722556973,
    0.26970138580692066,
    0.09102754848210008,
    0.17619409766398875
  ],
  "intercept": 0.0,
  "model_order": [
    "prob_model_0",
    "prob_model_1",
    "prob_model_2",
    "prob_model_3",
    "prob_model_4",
    "prob_model_5",
    "prob_model_6"
  ],
  "lomo_aurocs": [
    0.9999582321265631,
    0.9998904396550616,
    0.9998981506470808,
    0.9999640153705773,
    0.9999261029931501,
    0.9999691560319235,
    0.9999485933865392
  ],
  "description": "Final averaged weights from LOMO cross-validation"
}